	Train Lang	Dev Acc	Test Acc
0	no	70.86768578336515	67.87524118482709
