	Train Lang	Dev F1	Test F1
0	no	70.33148342582871	67.68715524034673
