	Language	Dev Accuracy	Test Accuracy
0	no	98.02854079023345	97.6907161449643
