	Train Lang	Dev Acc	Test Acc
0	no	68.30128205128206	67.01260623126663
