	Language	Dev Accuracy	Test Accuracy
0	nno	98.19200000000001	98.18754288943607
