	Language	Dev Accuracy	Test Accuracy
0	nno	97.69919999999999	97.82828078956929
