	Language	Dev Accuracy	Test Accuracy
0	nob	98.8534191206797	98.57171460989122
