	Language	Dev Accuracy	Test Accuracy
0	nob	98.39973603893426	98.02109056931188
