	Language	Dev Accuracy	Test Accuracy
0	nob	98.76818169320025	98.4782753787626
