	Language	Dev Accuracy	Test Accuracy
0	nob	98.94415573702878	98.65514249482747
