	Language	Dev Accuracy	Test Accuracy
0	nob	98.09453105666914	97.69405326036174
