	Language	Dev Accuracy	Test Accuracy
0	nob	98.74618493772168	98.39151037842888
