	Train Lang	Dev Acc	Test Acc
0	no	81.88202247191012	81.8349960366485
