	Train Lang	Dev Acc	Test Acc
0	no	82.40818224081823	80.24281907018064
