	Train Lang	Dev F1	Test F1
0	no	82.84194191975172	77.06982121707743
