	Language	Dev Accuracy	Test Accuracy
0	no	98.62795237702439	98.37482480144163
