	Train Lang	Dev Acc	Test Acc
0	no	82.15485771620092	81.21686705242368
