	Train Lang	Dev Acc	Test Acc
0	no	82.25916657599825	78.83368112345609
