	Language	Dev Accuracy	Test Accuracy
0	nob	98.86991668728862	98.4849496095575
