	Train Lang	Dev Acc	Test Acc
0	no	84.55459770114942	80.54563305550333
