	Train Lang	Dev F1	Test F1
0	no	85.60669456066945	83.87701913163019
