	Train Lang	Dev Acc	Test Acc
0	no	87.40962984384038	84.73218323964593
