	Language	Dev Accuracy	Test Accuracy
0	no	98.82042398746185	98.5249949943269
